﻿pos_x,pos_y,rotation,side,designator,mpn,pack,footprint,value,mount_type
183.08,-34.45,0.0,top,,,,,,tht
174.8,-59.45,180.0,bottom,BT1,,,BatteryHolder_Keystone_3002_1x2032,Battery_Cell,smt
174.19,-40.29,-90.0,top,D1,,,LED_D5.0mm,LED,tht
181.66,-40.29,-90.0,top,D2,,,LED_D5.0mm,LED,tht
189.13,-40.29,-90.0,top,D3,,,LED_D5.0mm,LED,tht
196.6,-40.29,-90.0,top,D4,,,LED_D5.0mm,LED,tht
204.07,-40.29,-90.0,top,D5,,,LED_D5.0mm,LED,tht
156.31,-50.215,90.0,top,D6,,,LED_D5.0mm,LED,tht
188.095,-69.66,180.0,top,M1,,,PinSocket_1x02_P2.54mm_Vertical,Motor_DC,tht
217.89,-62.65,-90.0,top,R1,,,R_Axial_DIN0207_L6.3mm_D2.5mm_P7.62mm_Horizontal,R,tht
221.03,-55.32,-90.0,top,R2,,,R_Axial_DIN0207_L6.3mm_D2.5mm_P7.62mm_Horizontal,R,tht
217.89,-48.45,-90.0,top,R3,,,R_Axial_DIN0207_L6.3mm_D2.5mm_P7.62mm_Horizontal,R,tht
221.18,-41.22,-90.0,top,R4,,,R_Axial_DIN0207_L6.3mm_D2.5mm_P7.62mm_Horizontal,R,tht
218.01,-32.62,-90.0,top,R5,,,R_Axial_DIN0207_L6.3mm_D2.5mm_P7.62mm_Horizontal,R,tht
165.22,-32.63,-90.0,top,R6,,,R_Axial_DIN0207_L6.3mm_D2.5mm_P7.62mm_Horizontal,R,tht
160.54,-35.96,-90.0,bottom,RV1,,,Potentiometer_Vishay_T73YP_Vertical,R_Potentiometer,tht
161.19,-69.97,180.0,top,SW1,,,SW_PUSH_6mm,SW_Push,tht
224.41,-65.53,0.0,top,SW2,,,SW_PUSH_6mm,SW_Push,tht
224.41,-57.6,0.0,top,SW3,,,SW_PUSH_6mm,SW_Push,tht
224.4,-49.63,0.0,top,SW4,,,SW_PUSH_6mm,SW_Push,tht
224.43,-41.59,0.0,top,SW5,,,SW_PUSH_6mm,SW_Push,tht
224.48,-33.49,0.0,top,SW6,,,SW_PUSH_6mm,SW_Push,tht
